{"sentiment": [0.7400042119644534, 0.6570789986244678, 0.6570789986244678, 0.6570789986244678, 0.6570789986244678, 0.6570789986244678, 0.6570789986244678, 0.6570789986244678, 0.6570789986244678, 0.6570789986244678, 0.6475598169970675], "volatility": [0.9999999999999126, 0.9999999999999876, 1.0, 0.9999999999999996, 1.0, 0.9999999999999961, 1.0, 0.9999999999999979, 0.9999999999989481, 1.0, 1.0], "trending_score": [0.575020653952474, 0.5750112174119701, 0.5750098351455062, 0.5750142048289727, 0.5750119073125763, 0.575008939294643, 0.5750105748320695, 0.5750142507845825, 0.5750110462443924, 0.5750127795159549, 0.5750118924116403], "anomaly_score": [0.01808211276914291, 0.015187403657344124, 0.015205278265883327, 0.014703533360789335, 0.015061294467875736, 0.015476026721064113, 0.013544511551135091, 0.015462778136063546, 0.01663913368326623, 0.014314842220242712, 0.01465597015131783], "source_credibility": [], "recency": []}